[
    {
        "image":"https://cf-assets2.tenlong.com.tw/products/images/000/129/126/webp/9789864769919.webp?1547633622",
        "url":"https://www.tenlong.com.tw/products/9789864769919",
        "title":"CSS 大全, 4/e",
        "author":"Eric A. Meyer & Estelle Weyl"
    },
    {
        "image":"https://cf-assets1.tenlong.com.tw/images/77291/medium/A327.jpg",
        "url":"https://www.tenlong.com.tw/products/9789862768945",
        "title":"深入淺出 HTML and CSS, 2/e",
        "author":"Elisabeth Robson, Eric Freeman"
    },
    {
        "image":"https://cf-assets2.tenlong.com.tw/products/images/000/106/713/medium/9789864763658.jpg",
        "url":"https://www.tenlong.com.tw/products/9789864763658",
        "title":"CSS 重構",
        "author":"Steve Lindstrom"
    },
    {
        "image":"https://cf-assets2.tenlong.com.tw/products/images/000/127/497/medium/9789864769711.jpg",
        "url":"https://www.tenlong.com.tw/products/9789864769711",
        "title":"PHP、MySQL 與 JavaScript 學習手冊, 5/e",
        "author":"Robin Nixon"
    },
    {
        "image":"https://cf-assets1.tenlong.com.tw/images/110642/medium/A457.jpg",
        "url":"https://www.tenlong.com.tw/products/9789864761418",
        "title":"CSS: The Missing Manual, 4/e",
        "author":"David Sawyer McFarland"
    },
    {
        "image":"https://cf-assets2.tenlong.com.tw/products/images/000/125/938/medium/51vGtEiVlXL.jpg",
        "url":"https://www.tenlong.com.tw/products/9781617294402",
        "title":"Web Design Playground: HTML & CSS the Interactive Way",
        "author":"Paul McFedries/Manning Publications"
    },
    {
        "image":"https://cf-assets2.tenlong.com.tw/ig/000/125/861/9780135225486.jpg",
        "url":"https://www.tenlong.com.tw/products/9780135225486",
        "title":"Basics of Web Design: Html5 & CSS",
        "author":"Felke-Morris, Terry"
    },
    {
        "image":"https://cf-assets2.tenlong.com.tw/products/images/000/118/977/medium/51vmXk-gi4L.jpg",
        "url":"https://www.tenlong.com.tw/products/9781491960202",
        "title":"Learning Web Design: A Beginner's Guide to HTML, CSS, JavaScript, and Web Graphics 5/e",
        "author":"Jennifer Robbins"
    },
    {
        "image":"https://cf-assets2.tenlong.com.tw/products/images/000/120/008/medium/51aUTzDIxxL.jpg",
        "url":"https://www.tenlong.com.tw/products/9781491978917",
        "title":"Learning PHP , MySQL & JavaScript : With jQuery, CSS & HTML5, 5/e",
        "author":"Robin Nixon"
    },
    {
        "image":"https://cf-assets2.tenlong.com.tw/products/images/000/128/777/medium/9789865020224.jpg",
        "url":"https://www.tenlong.com.tw/products/9789865020224",
        "title":"深入學習 JavaScript 模組化設計",
        "author":"Nicolás Bevacqua"
    },
    {
        "image":"https://cf-assets1.tenlong.com.tw/images/68826/medium/A287.jpg",
        "url":"https://www.tenlong.com.tw/products/9789862764411",
        "title":"JavaScript 大全, 6/e",
        "author":"David Flanagan"
    },
    {
        "image":"https://cf-assets2.tenlong.com.tw/products/images/000/118/859/medium/9789864767885.jpg",
        "url":"https://www.tenlong.com.tw/products/9789864767885",
        "title":"現代 JavaScript 實務應用",
        "author":"Nicolás Bevacque"
    },
    {
        "image":"https://cf-assets1.tenlong.com.tw/images/97878/medium/11.jpg",
        "url":"https://www.tenlong.com.tw/products/9789863478706",
        "title":"深入淺出 JavaScript 程式設計",
        "author":"Eric T. Freeman, Elisabeth Robson"
    },
    {
        "image":"https://cf-assets2.tenlong.com.tw/products/images/000/119/983/medium/9789864766826.jpg",
        "url":"https://www.tenlong.com.tw/products/9789864766826",
        "title":"重構 JavaScript",
        "author":"Evan Burchard"
    },
    {
        "image":"https://cf-assets1.tenlong.com.tw/images/46646/medium/9789866840272.gif",
        "url":"https://www.tenlong.com.tw/products/9789866840272",
        "title":"JavaScript－優良部份",
        "author":"Douglas Crockford"
    }
]